Langue;Certificat;Niveau;Objectif Pro;Objectif aca;Objectif mobilité;informations
Allemand;BULATS;A1;professionnel;;;http://www.goethe.de/lrn/prj/pba/bes/bul/fr10303610.htm 
Allemand;BULATS;A2;professionnel;;;http://www.goethe.de/lrn/prj/pba/bes/bul/fr10303610.htm 
Allemand;BULATS;B1;professionnel;;;http://www.goethe.de/lrn/prj/pba/bes/bul/fr10303610.htm 
Allemand;BULATS;B2;professionnel;;;http://www.goethe.de/lrn/prj/pba/bes/bul/fr10303610.htm 
Allemand;BULATS;C1;professionnel;;;http://www.goethe.de/lrn/prj/pba/bes/bul/fr10303610.htm 
Allemand;BULATS;C2;professionnel;académique;;http://www.goethe.de/lrn/prj/pba/bes/bul/fr10303610.htm 
Allemand;CLES-1;B1;professionnel;académique;;http://www.certification-cles.fr/fr/certification/epreuves/ 
Allemand;CLES-2;B2;professionnel;académique;;http://www.certification-cles.fr/fr/certification/epreuves/ 
Allemand;CLES-3;C1;professionnel;académique;;http://www.certification-cles.fr/fr/certification/epreuves/ 
Allemand;DCL;A2;professionnel;;;http://www.education.gouv.fr/cid94137/le-diplome-de-competence-en-langue-dcl-candidats-a-l-examen.html 
Allemand;DCL;B1;professionnel;;;http://www.education.gouv.fr/cid94137/le-diplome-de-competence-en-langue-dcl-candidats-a-l-examen.html 
Allemand;DCL;B2;professionnel;;;http://www.education.gouv.fr/cid94137/le-diplome-de-competence-en-langue-dcl-candidats-a-l-examen.html 
Allemand;DCL;C1;professionnel;;;http://www.education.gouv.fr/cid94137/le-diplome-de-competence-en-langue-dcl-candidats-a-l-examen.html 
Allemand;ECL A2;A2;professionnel;académique;mobilité;http://eclexam.eu/deutsch/testformat/ 
Allemand;ECL B1;B1;professionnel;académique;mobilité;http://eclexam.eu/deutsch/testformat/ 
Allemand;ECL B2;B2;professionnel;académique;mobilité;http://eclexam.eu/deutsch/testformat/ 
Allemand;ECL C1;C1;professionnel;académique;mobilité;http://eclexam.eu/deutsch/testformat/ 
Allemand;Goethe Zertifikat A1;A1;professionnel;académique;mobilité;https://www.goethe.de/de/spr/kup/prf/prf/gzsd1.html 
Allemand;Goethe Zertifikat A2;A2;professionnel;académique;mobilité;https://www.goethe.de/de/spr/kup/prf/prf/gzsd2.html 
Allemand;Goethe Zertifikat B1;B1;professionnel;académique;mobilité;https://www.goethe.de/de/spr/kup/prf/prf/gzb1.html 
Allemand;Goethe Zertifikat B2;B2;professionnel;académique;mobilité;https://www.goethe.de/de/spr/kup/prf/prf/gzb2.html 
Allemand;Goethe Zertifikat C1;C1;professionnel;académique;mobilité;https://www.goethe.de/de/spr/kup/prf/prf/gzc1.html 
Allemand;Goethe Zertifikat C2;C2;professionnel;académique;mobilité;https://www.goethe.de/de/spr/kup/prf/prf/gzc2.html 
Allemand;ONDAF;A2;;académique;;https://www.ondaf.de/ondaf/info/home.jsp 
Allemand;ONDAF;B1;;académique;;https://www.ondaf.de/ondaf/info/home.jsp 
Allemand;ONDAF;B2;;académique;;https://www.ondaf.de/ondaf/info/home.jsp 
Allemand;ONDAF;C1;;académique;;https://www.ondaf.de/ondaf/info/home.jsp 
Allemand;TELC A1;A1;professionnel;académique;mobilité;https://www.telc.net/pruefungsteilnehmende/sprachpruefungen/pruefungen/detail/telc-deutsch-a1.html
Allemand;TELC A2;A2;professionnel;académique;mobilité;https://www.telc.net/pruefungsteilnehmende/sprachpruefungen/pruefungen/detail/telc-deutsch-a2-beruf.html
Allemand;TELC B1;B1;professionnel;académique;mobilité;https://www.telc.net/pruefungsteilnehmende/sprachpruefungen/pruefungen/detail/zertifikat-deutsch-telc-deutsch-b1.html 
Allemand;TELC B2;B2;professionnel;académique;mobilité;https://www.telc.net/pruefungsteilnehmende/sprachpruefungen/pruefungen/detail/telc-deutsch-b2.html 
Allemand;TELC C1;C1;professionnel;académique;mobilité;https://www.telc.net/pruefungsteilnehmende/sprachpruefungen/pruefungen/detail/telc-deutsch-c1.html 
Allemand;TESTDAF Niveaustufe-3;B2;;académique;;https://www.goethe.de/de/spr/kup/prf/prf/testdaf.html 
Allemand;TESTDAF Niveaustufe-4;B2;;académique;;https://www.goethe.de/de/spr/kup/prf/prf/testdaf.html 
Allemand;TESTDAF Niveaustufe-4;C1;;académique;;https://www.goethe.de/de/spr/kup/prf/prf/testdaf.html 
Allemand;TESTDAF Niveaustufe-5;C1;;académique;;https://www.goethe.de/de/spr/kup/prf/prf/testdaf.html 
Allemand;WIDAF (0-246);A2;professionnel;;;http://www.francoallemand.com/fr/nos-prestations/formations-et-seminaires/test-widaf/ 
Allemand;WIDAF (247-495);B1;professionnel;;;http://www.francoallemand.com/fr/nos-prestations/formations-et-seminaires/test-widaf/ 
Allemand;WIDAF (496-735);B2;professionnel;;;http://www.francoallemand.com/fr/nos-prestations/formations-et-seminaires/test-widaf/ 
Allemand;WIDAF (736-897);C1;professionnel;;;http://www.francoallemand.com/fr/nos-prestations/formations-et-seminaires/test-widaf/ 
Allemand;WIDAF (898-990);C2;professionnel;;;http://www.francoallemand.com/fr/nos-prestations/formations-et-seminaires/test-widaf/ 
Anglais;BEC preliminary;B1;professionnel;;;http://www.cambridgeenglish.org/fr/exams/business-certificates/
Anglais;BEC vantage;B2;professionnel;;;http://www.cambridgeenglish.org/fr/exams/business-certificates/ 
Anglais;BEC higher;C1;professionnel;;;http://www.cambridgeenglish.org/fr/exams/business-certificates/ 
Anglais;BULATS;A1;professionnel;;;http://www.cambridgeenglish.org/exams/bulats/ 
Anglais;BULATS;A2;professionnel;;;http://www.cambridgeenglish.org/exams/bulats/ 
Anglais;BULATS;B1;professionnel;;;http://www.cambridgeenglish.org/exams/bulats/ 
Anglais;BULATS;B2;professionnel;;;http://www.cambridgeenglish.org/exams/bulats/ 
Anglais;BULATS;C1;professionnel;;;http://www.cambridgeenglish.org/exams/bulats/ 
Anglais;BULATS;C2;professionnel;;;http://www.cambridgeenglish.org/exams/bulats/ 
Anglais;CAE;C1;professionnel;académique;mobilité;http://www.cambridgeenglish.org/fr/exams/advanced/ 
Anglais;CLES-1;B1;professionnel;académique;;http://www.certification-cles.fr/fr/certification/epreuves/
Anglais;CLES-2;B2;professionnel;académique;;http://www.certification-cles.fr/fr/certification/epreuves/
Anglais;CLES-3;C1;professionnel;académique;;http://www.certification-cles.fr/fr/certification/epreuves/
Anglais;CPE;C2;professionnel;académique;mobilité;http://www.cambridgeenglish.org/exams/proficiency/ 
Anglais;DCL;A2;professionnel;;;http://www.education.gouv.fr/cid94137/le-diplome-de-competence-en-langue-dcl-candidats-a-l-examen.html 
Anglais;DCL;B1;professionnel;;;http://www.education.gouv.fr/cid94137/le-diplome-de-competence-en-langue-dcl-candidats-a-l-examen.html 
Anglais;DCL;B2;professionnel;;;http://www.education.gouv.fr/cid94137/le-diplome-de-competence-en-langue-dcl-candidats-a-l-examen.html 
Anglais;DCL;C1;professionnel;;;http://www.education.gouv.fr/cid94137/le-diplome-de-competence-en-langue-dcl-candidats-a-l-examen.html 
Anglais;ECL A2;A2;professionnel;académique;mobilité;http://eclexam.eu/parts-of-the-exam/ 
Anglais;ECL B1;B1;professionnel;académique;mobilité;http://eclexam.eu/parts-of-the-exam/ 
Anglais;ECL B2;B2;professionnel;académique;mobilité;http://eclexam.eu/parts-of-the-exam/ 
Anglais;ECL C1;C1;professionnel;académique;mobilité;http://eclexam.eu/parts-of-the-exam/ 
Anglais;FCE;B2;professionnel;académique;mobilité;http://www.cambridgeenglish.org/exams/first/ 
Anglais;IELTS (3.0);A2;professionnel;académique;mobilité;http://www.cambridgeenglish.org/exams/ielts/ 
Anglais;IELTS (3.5 - 4.5);B1;professionnel;académique;mobilité;http://www.cambridgeenglish.org/exams/ielts/ 
Anglais;IELTS (5.0 - 6.0);B2;professionnel;académique;mobilité;http://www.cambridgeenglish.org/exams/ielts/ 
Anglais;IELTS (6.5 - 7.0);C1;professionnel;académique;mobilité;http://www.cambridgeenglish.org/exams/ielts/ 
Anglais;IELTS (7.5 +);C2;professionnel;académique;mobilité;http://www.cambridgeenglish.org/exams/ielts/ 
Anglais;KET;A2;professionnel;académique;mobilité;http://www.cambridgeenglish.org/exams/key/ 
Anglais;PET;B1;professionnel;académique;mobilité;http://www.cambridgeenglish.org/exams/preliminary/ 
Anglais;TELC A1;A1;professionnel;académique;mobilité;https://www.telc.net/en/candidates/language-examinations/tests/detail/telc-english-a1.html 
Anglais;TELC A2;A2;professionnel;académique;mobilité;https://www.telc.net/en/candidates/language-examinations/tests/detail/telc-english-a2.html 
Anglais;TELC B1;B1;professionnel;académique;mobilité;https://www.telc.net/en/candidates/language-examinations/tests/detail/telc-english-b1.html 
Anglais;TELC B2;B2;professionnel;académique;mobilité;https://www.telc.net/en/candidates/language-examinations/tests/detail/telc-english-b2.html 
Anglais;TELC C1;C1;professionnel;académique;mobilité;https://www.telc.net/en/candidates/language-examinations/tests/detail/telc-english-c1.html 
Anglais;TOEFL (400);A2;;académique;mobilité;http://www.ets.org/fr/toefl/ibt/about 
Anglais;TOEFL (450);B1;;académique;mobilité;http://www.ets.org/fr/toefl/ibt/about 
Anglais;TOEFL (500);B1+;;académique;mobilité;http://www.ets.org/fr/toefl/ibt/about 
Anglais;TOEFL (550);B2;;académique;mobilité;http://www.ets.org/fr/toefl/ibt/about 
Anglais;TOEFL (600);C1;;académique;mobilité;http://www.ets.org/fr/toefl/ibt/about 
Anglais;TOEIC (120);A1;professionnel;;mobilité;http://www.etsglobal.org/Fr/Fre/Tests-et-preparation/Les-tests-TOEIC 
Anglais;TOEIC (225);A2;professionnel;;mobilité;http://www.etsglobal.org/Fr/Fre/Tests-et-preparation/Les-tests-TOEIC 
Anglais;TOEIC (550);B1;professionnel;;mobilité;http://www.etsglobal.org/Fr/Fre/Tests-et-preparation/Les-tests-TOEIC 
Anglais;TOEIC (785);B2;professionnel;;mobilité;http://www.etsglobal.org/Fr/Fre/Tests-et-preparation/Les-tests-TOEIC 
Anglais;TOEIC (945);C1;professionnel;;mobilité;http://www.etsglobal.org/Fr/Fre/Tests-et-preparation/Les-tests-TOEIC 
Arabe;ALPT;NA;professionnel;académique;mobilité;http://www.arabacademy.com/links/test_alpt_what_e.htm
Arabe;CLES-1;B1;professionnel;académique;;http://www.certification-cles.fr/fr/certification/epreuves/ 
Arabe;CLES-2;B2;professionnel;académique;;http://www.certification-cles.fr/fr/certification/epreuves/ 
Arabe;CLES-3;C1;professionnel;académique;;http://www.certification-cles.fr/fr/certification/epreuves/ 
Arabe;DCL;A2;professionnel;;;http://www.education.gouv.fr/cid94137/le-diplome-de-competence-en-langue-dcl-candidats-a-l-examen.html 
Arabe;DCL;B1;professionnel;;;http://www.education.gouv.fr/cid94137/le-diplome-de-competence-en-langue-dcl-candidats-a-l-examen.html 
Arabe;DCL;B2;professionnel;;;http://www.education.gouv.fr/cid94137/le-diplome-de-competence-en-langue-dcl-candidats-a-l-examen.html 
Arabe;DCL;C1;professionnel;;;http://www.education.gouv.fr/cid94137/le-diplome-de-competence-en-langue-dcl-candidats-a-l-examen.html 
Bulgare;ECL A2;A2;professionnel;académique;mobilité;http://eclexam.eu/parts-of-the-exam/ 
Bulgare;ECL B1;B1;professionnel;académique;mobilité;http://eclexam.eu/parts-of-the-exam/ 
Bulgare;ECL B2;B2;professionnel;académique;mobilité;http://eclexam.eu/parts-of-the-exam/ 
Bulgare;ECL C1;C1;professionnel;académique;mobilité;http://eclexam.eu/parts-of-the-exam/ 
Chinois;DCL;A2;professionnel;;;http://www.education.gouv.fr/cid94137/le-diplome-de-competence-en-langue-dcl-candidats-a-l-examen.html 
Chinois;DCL;B1;professionnel;;;http://www.education.gouv.fr/cid94137/le-diplome-de-competence-en-langue-dcl-candidats-a-l-examen.html 
Chinois;DCL;B2;professionnel;;;http://www.education.gouv.fr/cid94137/le-diplome-de-competence-en-langue-dcl-candidats-a-l-examen.html 
Chinois;DCL;C1;professionnel;;;http://www.education.gouv.fr/cid94137/le-diplome-de-competence-en-langue-dcl-candidats-a-l-examen.html 
Chinois;HSK 1;A1;professionnel;académique;mobilité;http://french.hanban.org/tests/node_7847.htm 
Chinois;HSK 2;A2;professionnel;académique;mobilité;http://french.hanban.org/tests/node_7847.htm 
Chinois;HSK 3;B1;professionnel;académique;mobilité;http://french.hanban.org/tests/node_7847.htm 
Chinois;HSK 4;B2;professionnel;académique;mobilité;http://french.hanban.org/tests/node_7847.htm 
Chinois;HSK 5;C1;professionnel;académique;mobilité;http://french.hanban.org/tests/node_7847.htm 
Chinois;HSK 6;C2;professionnel;académique;mobilité;http://french.hanban.org/tests/node_7847.htm 
Chinois;TOCFL A;A2;professionnel;académique;mobilité;http://www.sc-top.org.tw/english/eng_index.php 
Chinois;TOCFL B;B1;professionnel;académique;mobilité;http://www.sc-top.org.tw/english/eng_index.php 
Chinois;TOCFL C;C1;professionnel;académique;mobilité;http://www.sc-top.org.tw/english/eng_index.php 
Coréen ;TOPIK-I ;A1;professionnel;académique;mobilité;http://www.topik.go.kr/usr/cmm/subLocation.do?menuSeq=2210101#none 
Coréen ;TOPIK-I;A2;professionnel;académique;mobilité;http://www.topik.go.kr/usr/cmm/subLocation.do?menuSeq=2210101#none 
Coréen ;TOPIK-II;B1;professionnel;académique;mobilité;http://www.topik.go.kr/usr/cmm/subLocation.do?menuSeq=2210101#none 
Coréen ;TOPIK-II;B2;professionnel;académique;mobilité;http://www.topik.go.kr/usr/cmm/subLocation.do?menuSeq=2210101#none 
Coréen ;TOPIK-II;C1;professionnel;académique;mobilité;http://www.topik.go.kr/usr/cmm/subLocation.do?menuSeq=2210101#none 
Coréen ;TOPIK-II;C2;professionnel;académique;mobilité;http://www.topik.go.kr/usr/cmm/subLocation.do?menuSeq=2210101#none 
Danois;Examen d'éducation superieure;C1;;académique;;https://www.studieskolen.dk/da/Dansk-for-udlaendinge/proever/studieproeven 
Espagnol;BULATS;A1;professionnel;;;http://www.bulats.org/es 
Espagnol;BULATS;A2;professionnel;;;http://www.bulats.org/es 
Espagnol;BULATS;B1;professionnel;;;http://www.bulats.org/es 
Espagnol;BULATS;B2;professionnel;;;http://www.bulats.org/es 
Espagnol;BULATS;C1;professionnel;;;http://www.bulats.org/es 
Espagnol;BULATS;C2;professionnel;;;http://www.bulats.org/es 
Espagnol;CLES-1;B1;professionnel;académique;;http://www.certification-cles.fr/fr/certification/epreuves/ 
Espagnol;CLES-2;B2;professionnel;académique;;http://www.certification-cles.fr/fr/certification/epreuves/ 
Espagnol;CLES-3;C1;professionnel;académique;;http://www.certification-cles.fr/fr/certification/epreuves/ 
Espagnol;DCL;A2;professionnel;;;http://www.education.gouv.fr/cid94137/le-diplome-de-competence-en-langue-dcl-candidats-a-l-examen.html 
Espagnol;DCL;B1;professionnel;;;http://www.education.gouv.fr/cid94137/le-diplome-de-competence-en-langue-dcl-candidats-a-l-examen.html 
Espagnol;DCL;B2;professionnel;;;http://www.education.gouv.fr/cid94137/le-diplome-de-competence-en-langue-dcl-candidats-a-l-examen.html 
Espagnol;DCL;C1;professionnel;;;http://www.education.gouv.fr/cid94137/le-diplome-de-competence-en-langue-dcl-candidats-a-l-examen.html 
Espagnol;DELE A1;A1;professionnel;académique;mobilité;http://www.dele.org/french/ 
Espagnol;DELE A2;A2;professionnel;académique;mobilité;http://www.dele.org/french/ 
Espagnol;DELE B1;B1;professionnel;académique;mobilité;http://www.dele.org/french/ 
Espagnol;DELE B2;B2;professionnel;académique;mobilité;http://www.dele.org/french/ 
Espagnol;DELE C1;C1;professionnel;académique;mobilité;http://www.dele.org/french/ 
Espagnol;DELE C2;C2;professionnel;académique;mobilité;http://www.dele.org/french/ 
Espagnol;ECL A2;A2;professionnel;académique;mobilité;http://eclexam.eu/espanol/parts-of-the-exam/ 
Espagnol;ECL B1;B1;professionnel;académique;mobilité;http://eclexam.eu/espanol/parts-of-the-exam/ 
Espagnol;ECL B2;B2;professionnel;académique;mobilité;http://eclexam.eu/espanol/parts-of-the-exam/ 
Espagnol;ECL C1;C1;professionnel;académique;mobilité;http://eclexam.eu/espanol/parts-of-the-exam/ 
Espagnol;ELYTE (0-69);A1;professionnel;;;http://www.cocef.com/fr/formation-certification/test-elyte/presentation 
Espagnol;ELYTE (70-99);A2;professionnel;;;http://www.cocef.com/fr/formation-certification/test-elyte/presentation 
Espagnol;ELYTE (100-129);B1;professionnel;;;http://www.cocef.com/fr/formation-certification/test-elyte/presentation 
Espagnol;ELYTE (130-154);B2;professionnel;;;http://www.cocef.com/fr/formation-certification/test-elyte/presentation 
Espagnol;ELYTE (155-174);C1;professionnel;;;http://www.cocef.com/fr/formation-certification/test-elyte/presentation 
Espagnol;ELYTE (175-200);C2;professionnel;;;http://www.cocef.com/fr/formation-certification/test-elyte/presentation 
Espagnol;SIELE;NA;professionnel;académique;mobilité;https://siele.org/siele-global 
Espagnol;TELC A1;A1;professionnel;académique;mobilité;https://www.telc.net/es/candidatos-a-examen/examenes-de-idiomas/filter.html 
Espagnol;TELC A2;A2;professionnel;académique;mobilité;https://www.telc.net/es/candidatos-a-examen/examenes-de-idiomas/filter.html 
Espagnol;TELC B1;B1;professionnel;académique;mobilité;https://www.telc.net/es/candidatos-a-examen/examenes-de-idiomas/filter.html 
Espagnol;TELC B2;B2;professionnel;académique;mobilité;https://www.telc.net/es/candidatos-a-examen/examenes-de-idiomas/filter.html 
Espagnol;TELC C1;C1;professionnel;académique;mobilité;https://www.telc.net/es/candidatos-a-examen/examenes-de-idiomas/filter.html 
Français;BULATS;A1;professionnel;;;http://www.bulats.org/fr 
Français;BULATS;A2;professionnel;;;http://www.bulats.org/fr 
Français;BULATS;B1;professionnel;;;http://www.bulats.org/fr 
Français;BULATS;B2;professionnel;;;http://www.bulats.org/fr 
Français;BULATS;C1;professionnel;;;http://www.bulats.org/fr 
Français;BULATS;C2;professionnel;;;http://www.bulats.org/fr 
Français;DCL;A1;professionnel;;;http://www.education.gouv.fr/cid94137/le-diplome-de-competence-en-langue-dcl-candidats-a-l-examen.html 
Français;DCL;A2;professionnel;académique;mobilité;http://www.education.gouv.fr/cid94137/le-diplome-de-competence-en-langue-dcl-candidats-a-l-examen.html 
Français;ECL A2;A2;professionnel;académique;mobilité;http://eclexam.eu/parts-of-the-exam/  
Français;ECL B1;B1;professionnel;académique;mobilité;http://eclexam.eu/parts-of-the-exam/  
Français;ECL B2;B2;professionnel;académique;mobilité;http://eclexam.eu/parts-of-the-exam/  
Français;ECL C1;C1;professionnel;académique;mobilité;http://eclexam.eu/parts-of-the-exam/  
Français;TELC A1;A1;professionnel;académique;mobilité;https://www.telc.net/en/candidates/language-examinations/filter.html 
Français;TELC A2;A2;professionnel;académique;mobilité;https://www.telc.net/en/candidates/language-examinations/filter.html 
Français;TELC B1;B1;professionnel;académique;mobilité;https://www.telc.net/en/candidates/language-examinations/filter.html 
Français;TELC B2;B2;professionnel;académique;mobilité;https://www.telc.net/en/candidates/language-examinations/filter.html 
Français;TELC C1;C1;professionnel;académique;mobilité;https://www.telc.net/en/candidates/language-examinations/filter.html 
Français;DELF - A1;A1;professionnel;académique;mobilité;http://www.ciep.fr/delf-dalf 
Français;DELF - A2;A2;professionnel;académique;mobilité;http://www.ciep.fr/delf-dalf 
Français;DELF - B1;B1;professionnel;académique;mobilité;http://www.ciep.fr/delf-dalf 
Français;DELF - B2;B2;professionnel;académique;mobilité;http://www.ciep.fr/delf-dalf 
Français;DALF - C1;C1;professionnel;académique;mobilité;http://www.ciep.fr/delf-dalf 
Français;DALF - C2;C2;professionnel;académique;mobilité;http://www.ciep.fr/delf-dalf 
Français;TCF-DAP;B2;;académique;;http://www.ciep.fr/tcf 
Français;TFI (190);A2;professionnel;académique;mobilité;http://www.etsglobal.org/Fr/Fre/Tests-et-preparation/Le-test-TFI 
Français;TFI (345);B1;professionnel;académique;mobilité;http://www.etsglobal.org/Fr/Fre/Tests-et-preparation/Le-test-TFI 
Français;TFI (605);B2;professionnel;académique;mobilité;http://www.etsglobal.org/Fr/Fre/Tests-et-preparation/Le-test-TFI 
Français;TFI (825);C1;professionnel;académique;mobilité;http://www.etsglobal.org/Fr/Fre/Tests-et-preparation/Le-test-TFI 
Français;TCF (100-199);A1;professionnel;académique;mobilité;http://www.ciep.fr/tcf 
Français;TCF (200-299);A2;professionnel;académique;mobilité;http://www.ciep.fr/tcf 
Français;TCF (300-399);B1;professionnel;académique;mobilité;http://www.ciep.fr/tcf 
Français;TCF (400-499);B2;professionnel;académique;mobilité;http://www.ciep.fr/tcf 
Français;TCF (500-599);C1;professionnel;académique;mobilité;http://www.ciep.fr/tcf 
Français;TCF (600-699);C2;professionnel;académique;mobilité;http://www.ciep.fr/tcf 
Grec;CLES-1;B1;professionnel;académique;;http://www.certification-cles.fr/fr/certification/epreuves/ 
Grec;CLES-2;B2;professionnel;académique;;http://www.certification-cles.fr/fr/certification/epreuves/ 
Grec;CLES-3;C1;professionnel;académique;;http://www.certification-cles.fr/fr/certification/epreuves/ 
Grec;Certificat Grecque A;A2;professionnel;académique;mobilité;http://www.greek-language.gr/greekLang/certification/04a.html 
Grec;Certificat Grecque B;B1;professionnel;académique;mobilité;http://www.greek-language.gr/greekLang/certification/04b.html 
Grec;Certificat Grecque C;B2;professionnel;académique;mobilité;http://www.greek-language.gr/greekLang/certification/04c.html 
Grec;Certificat Grecque D;C1;professionnel;académique;mobilité;http://www.greek-language.gr/greekLang/certification/04d.html 
Hébreu;ECL A2;A2;professionnel;académique;mobilité;http://eclexam.eu/parts-of-the-exam/  
Hébreu;ECL B1;B1;professionnel;académique;mobilité;http://eclexam.eu/parts-of-the-exam/  
Hébreu;ECL B2;B2;professionnel;académique;mobilité;http://eclexam.eu/parts-of-the-exam/  
Hébreu;ECL C1;C1;professionnel;académique;mobilité;http://eclexam.eu/parts-of-the-exam/  
Italien;CILS A1;A1;professionnel;académique;mobilité;http://cils.unistrasi.it/ 
Italien;CILS A2;A2;professionnel;académique;mobilité;http://cils.unistrasi.it/ 
Italien;CILS B1;B1;professionnel;académique;mobilité;http://cils.unistrasi.it/ 
Italien;CILS B2;B2;professionnel;académique;mobilité;http://cils.unistrasi.it/ 
Italien;CILS C1;C1;professionnel;académique;mobilité;http://cils.unistrasi.it/ 
Italien;CILS C2;C2;professionnel;académique;mobilité;http://cils.unistrasi.it/ 
Italien;CELI A1;A1;professionnel;académique;mobilité;http://www.cvcl.it/categorie/categoria-19?explicit=SI 
Italien;CELI A2;A2;professionnel;académique;mobilité;http://www.cvcl.it/categorie/categoria-22?explicit=SI 
Italien;CELI B1;B1;professionnel;académique;mobilité;http://www.cvcl.it/categorie/categoria-65?explicit=SI 
Italien;CELI B2;B2;professionnel;académique;mobilité;http://www.cvcl.it/categorie/categoria-66?explicit=SI 
Italien;CELI C1;C1;professionnel;académique;mobilité;http://www.cvcl.it/categorie/categoria-67?explicit=SI 
Italien;CELI C2;C2;professionnel;académique;mobilité;http://www.cvcl.it/categorie/categoria-68?explicit=SI 
Italien;CLES-1;B1;professionnel;académique;;http://www.certification-cles.fr/fr/certification/epreuves/ 
Italien;CLES-2;B2;professionnel;académique;;http://www.certification-cles.fr/fr/certification/epreuves/ 
Italien;CLES-3;C1;professionnel;académique;;http://www.certification-cles.fr/fr/certification/epreuves/ 
Italien;DCL;A2;professionnel;;;http://www.education.gouv.fr/cid94137/le-diplome-de-competence-en-langue-dcl-candidats-a-l-examen.html 
Italien;DCL;B1;professionnel;;;http://www.education.gouv.fr/cid94137/le-diplome-de-competence-en-langue-dcl-candidats-a-l-examen.html 
Italien;DCL;B2;professionnel;;;http://www.education.gouv.fr/cid94137/le-diplome-de-competence-en-langue-dcl-candidats-a-l-examen.html 
Italien;DCL;C1;professionnel;;;http://www.education.gouv.fr/cid94137/le-diplome-de-competence-en-langue-dcl-candidats-a-l-examen.html 
Italien;ECL A2;A2;professionnel;académique;mobilité;http://eclexam.eu/parts-of-the-exam/  
Italien;ECL B1;B1;professionnel;académique;mobilité;http://eclexam.eu/parts-of-the-exam/  
Italien;ECL B2;B2;professionnel;académique;mobilité;http://eclexam.eu/parts-of-the-exam/  
Italien;ECL C1;C1;professionnel;académique;mobilité;http://eclexam.eu/parts-of-the-exam/  
Italien;TELC A1;A1;professionnel;académique;mobilité;https://www.telc.net/en/candidates/language-examinations/filter.html 
Italien;TELC A2;A2;professionnel;académique;mobilité;https://www.telc.net/en/candidates/language-examinations/filter.html 
Italien;TELC B1;B1;professionnel;académique;mobilité;https://www.telc.net/en/candidates/language-examinations/filter.html 
Italien;TELC B2;B2;professionnel;académique;mobilité;https://www.telc.net/en/candidates/language-examinations/filter.html 
Italien;TELC C1;C1;professionnel;académique;mobilité;https://www.telc.net/en/candidates/language-examinations/filter.html 
Japonais;JLPT N1;C1;professionnel;académique;mobilité;http://www.jlpt.jp/e/about/index.html 
Japonais;JLPT N2;B2;professionnel;académique;mobilité;http://www.jlpt.jp/e/about/index.html 
Japonais;JLPT N3;B1;professionnel;académique;mobilité;http://www.jlpt.jp/e/about/index.html 
Japonais;JLPT N4;A2;professionnel;académique;mobilité;http://www.jlpt.jp/e/about/index.html 
Japonais;JLPT N5;A1;professionnel;académique;mobilité;http://www.jlpt.jp/e/about/index.html 
Néerlandais;CNaVT - PTIT A2;A2;professionnel;académique;mobilité;http://www.cnavt.org/main.asp?lan=13&typ=65 
Néerlandais;CNaVT - PMT B1;B1;professionnel;académique;mobilité;http://www.cnavt.org/main.asp?lan=13&typ=66
Néerlandais;CNaVT - PTHO B2;B2;;académique;mobilité;http://www.cnavt.org/main.asp?lan=13&typ=67
Néerlandais;CNaVT - PPT B2;B2;professionnel;académique;mobilité;http://www.cnavt.org/main.asp?lan=13&typ=68
Néerlandais;CNaVT - PAT C1;C1;professionnel;académique;mobilité;http://www.cnavt.org/main.asp?lan=13&typ=69
Persan;OXPET;NA;professionnel;académique;;http://www.oxfordpersian.co.uk/index.php/academic/persian-language-academy/proficiency-test-of-persian-language 
Portugais;CAPLE acesso;A1;professionnel;académique;mobilité;http://caple.letras.ulisboa.pt/pages/view/21 
Portugais;CAPLE ciple;A2;professionnel;académique;mobilité;http://caple.letras.ulisboa.pt/pages/view/11 
Portugais;CAPLE deple;B1;professionnel;académique;mobilité;http://caple.letras.ulisboa.pt/pages/view/12 
Portugais;CAPLE diple ;B2;professionnel;académique;mobilité;http://caple.letras.ulisboa.pt/pages/view/13 
Portugais;CAPLE daple ;C1;professionnel;académique;mobilité;http://caple.letras.ulisboa.pt/pages/view/14 
Portugais;CAPLE duple ;C2;professionnel;académique;mobilité;http://caple.letras.ulisboa.pt/pages/view/15 
Portugais;CELPE-BRAS intermedio ;B1;professionnel;académique;mobilité;http://portal.inep.gov.br/celpebras-estrutura_exame 
Portugais;CELPE-BRAS intermedio superior;B2;professionnel;académique;mobilité;http://portal.inep.gov.br/celpebras-estrutura_exame 
Portugais;CELPE-BRAS avanzado;C1;professionnel;académique;mobilité;http://portal.inep.gov.br/celpebras-estrutura_exame 
Portugais;CELPE-BRAS avanzado superior;C2;professionnel;académique;mobilité;http://portal.inep.gov.br/celpebras-estrutura_exame 
Portugais;CLES-1;B1;professionnel;académique;;http://www.certification-cles.fr/fr/certification/epreuves/ 
Portugais;CLES-2;B2;professionnel;académique;;http://www.certification-cles.fr/fr/certification/epreuves/ 
Portugais;CLES-3;C1;professionnel;académique;;http://www.certification-cles.fr/fr/certification/epreuves/ 
Portugais;DCL;A2;professionnel;;;http://www.education.gouv.fr/cid94137/le-diplome-de-competence-en-langue-dcl-candidats-a-l-examen.html 
Portugais;DCL;B1;professionnel;;;http://www.education.gouv.fr/cid94137/le-diplome-de-competence-en-langue-dcl-candidats-a-l-examen.html 
Portugais;DCL;B2;professionnel;;;http://www.education.gouv.fr/cid94137/le-diplome-de-competence-en-langue-dcl-candidats-a-l-examen.html 
Portugais;DCL;C1;professionnel;;;http://www.education.gouv.fr/cid94137/le-diplome-de-competence-en-langue-dcl-candidats-a-l-examen.html 
Portugais;TELC B1;B1;professionnel;académique;mobilité;https://www.telc.net/en/candidates/language-examinations/filter.html 
Polonais;CLES-1;B1;professionnel;académique;;http://www.certification-cles.fr/fr/certification/epreuves/ 
Polonais;CLES-2;B2;professionnel;académique;;http://www.certification-cles.fr/fr/certification/epreuves/ 
Polonais;CLES-3;C1;professionnel;académique;;http://www.certification-cles.fr/fr/certification/epreuves/ 
Polonais;ECL A2;A2;professionnel;académique;mobilité;http://eclexam.eu/parts-of-the-exam/  
Polonais;ECL B1;B1;professionnel;académique;mobilité;http://eclexam.eu/parts-of-the-exam/  
Polonais;ECL B2;B2;professionnel;académique;mobilité;http://eclexam.eu/parts-of-the-exam/  
Polonais;ECL C1;C1;professionnel;académique;mobilité;http://eclexam.eu/parts-of-the-exam/  
Russe;CLES-1;B1;professionnel;académique;;http://www.certification-cles.fr/fr/certification/epreuves/ 
Russe;CLES-2;B2;professionnel;académique;;http://www.certification-cles.fr/fr/certification/epreuves/ 
Russe;CLES-3;C1;professionnel;académique;;http://www.certification-cles.fr/fr/certification/epreuves/ 
Russe;DCL;A2;professionnel;;;http://www.education.gouv.fr/cid94137/le-diplome-de-competence-en-langue-dcl-candidats-a-l-examen.html 
Russe;DCL;B1;professionnel;;;http://www.education.gouv.fr/cid94137/le-diplome-de-competence-en-langue-dcl-candidats-a-l-examen.html 
Russe;DCL;B2;professionnel;;;http://www.education.gouv.fr/cid94137/le-diplome-de-competence-en-langue-dcl-candidats-a-l-examen.html 
Russe;DCL;C1;professionnel;académique;mobilité;http://www.education.gouv.fr/cid94137/le-diplome-de-competence-en-langue-dcl-candidats-a-l-examen.html 
Russe;ECL A2;A2;professionnel;académique;mobilité;http://eclexam.eu/parts-of-the-exam/  
Russe;ECL B1;B1;professionnel;académique;mobilité;http://eclexam.eu/parts-of-the-exam/  
Russe;ECL B2;B2;professionnel;académique;mobilité;http://eclexam.eu/parts-of-the-exam/  
Russe;ECL C1;C1;professionnel;académique;mobilité;http://eclexam.eu/parts-of-the-exam/  
Russe;TELC A1;A1;professionnel;académique;mobilité;https://www.telc.net/en/candidates/language-examinations/filter.html 
Russe;TELC A2;A2;professionnel;académique;mobilité;https://www.telc.net/en/candidates/language-examinations/filter.html 
Russe;TELC B1;B1;professionnel;académique;mobilité;https://www.telc.net/en/candidates/language-examinations/filter.html 
Russe;TELC B2;B2;professionnel;académique;mobilité;https://www.telc.net/en/candidates/language-examinations/filter.html 
Russe;TORFL - TEOU;A1;professionnel;académique;mobilité;http://www.torfl.org/ru 
Russe;TORFL - TBOU ;A2;professionnel;académique;mobilité;http://www.torfl.org/ru 
Russe;TORFL - TRKI-1;B1;professionnel;académique;mobilité;http://www.torfl.org/ru 
Russe;TORFL - TRKI-2;B2;professionnel;académique;mobilité;http://www.torfl.org/ru 
Russe;TORFL - TRKI-3;C1;professionnel;académique;mobilité;http://www.torfl.org/ru 
Russe;TORFL - TRKI-4;C2;professionnel;académique;mobilité;http://www.torfl.org/ru 
Suédois;SWEDEX A2;A2;professionnel;académique;;http://www.folkuniversitetet.se/swedex 
Suédois;SWEDEX B1;B1;professionnel;académique;;http://www.folkuniversitetet.se/swedex 
Suédois;SWEDEX B2;B2;professionnel;académique;;http://www.folkuniversitetet.se/swedex 
Turc;TELC A1;A1;professionnel;académique;;https://www.telc.net/en/candidates/language-examinations/filter.html 
Turc;TELC A2;A2;professionnel;académique;;https://www.telc.net/en/candidates/language-examinations/filter.html 
Turc;TELC B1;B1;professionnel;académique;;https://www.telc.net/en/candidates/language-examinations/filter.html 
Turc;TELC B2;B2;professionnel;académique;;https://www.telc.net/en/candidates/language-examinations/filter.html 
Turc;TELC C1;C1;professionnel;académique;;https://www.telc.net/en/candidates/language-examinations/filter.html 
